pet,activity,start_time,duration_min,end_time
Buddy,Sleep,2025-05-01 00:00:00,438,2025-05-01 07:18:00
Buddy,Potty,2025-05-01 07:39:00,10,2025-05-01 07:49:00
Buddy,Breakfast,2025-05-01 07:45:00,12,2025-05-01 07:57:00
Buddy,Relax,2025-05-01 10:04:00,55,2025-05-01 10:59:00
Buddy,Play,2025-05-01 10:47:00,91,2025-05-01 12:18:00
Buddy,Walk,2025-05-01 11:09:00,32,2025-05-01 11:41:00
Buddy,Relax,2025-05-01 12:06:00,41,2025-05-01 12:47:00
Buddy,Lunch,2025-05-01 12:19:00,12,2025-05-01 12:31:00
Buddy,Relax,2025-05-01 15:43:00,23,2025-05-01 16:06:00
Buddy,Dinner,2025-05-01 17:04:00,13,2025-05-01 17:17:00
Buddy,Walk,2025-05-01 19:30:00,45,2025-05-01 20:15:00
Buddy,Sleep,2025-05-01 22:10:00,520,2025-05-02 06:50:00
Buddy,Sleep,2025-05-02 00:00:00,415,2025-05-02 06:55:00
Buddy,Breakfast,2025-05-02 06:12:00,6,2025-05-02 06:18:00
Buddy,Walk,2025-05-02 07:53:00,30,2025-05-02 08:23:00
Buddy,Lunch,2025-05-02 11:09:00,12,2025-05-02 11:21:00
Buddy,Relax,2025-05-02 11:29:00,49,2025-05-02 12:18:00
Buddy,Walk,2025-05-02 13:20:00,47,2025-05-02 14:07:00
Buddy,Potty,2025-05-02 14:06:00,7,2025-05-02 14:13:00
Buddy,Walk,2025-05-02 16:52:00,18,2025-05-02 17:10:00
Buddy,Dinner,2025-05-02 18:47:00,12,2025-05-02 18:59:00
Buddy,Play,2025-05-02 21:03:00,31,2025-05-02 21:34:00
Buddy,Sleep,2025-05-02 22:27:00,414,2025-05-03 05:21:00
Buddy,Sleep,2025-05-03 00:00:00,475,2025-05-03 07:55:00
Buddy,Medicine,2025-05-03 07:53:00,3,2025-05-03 07:56:00
Buddy,Breakfast,2025-05-03 08:49:00,7,2025-05-03 08:56:00
Buddy,Play,2025-05-03 10:49:00,55,2025-05-03 11:44:00
Buddy,Walk,2025-05-03 11:22:00,48,2025-05-03 12:10:00
Buddy,Medicine,2025-05-03 11:26:00,5,2025-05-03 11:31:00
Buddy,Play,2025-05-03 11:54:00,102,2025-05-03 13:36:00
Buddy,Potty,2025-05-03 12:49:00,8,2025-05-03 12:57:00
Buddy,Lunch,2025-05-03 12:58:00,13,2025-05-03 13:11:00
Buddy,Potty,2025-05-03 17:32:00,6,2025-05-03 17:38:00
Buddy,Dinner,2025-05-03 18:00:00,14,2025-05-03 18:14:00
Buddy,Play,2025-05-03 19:18:00,82,2025-05-03 20:40:00
Buddy,Sleep,2025-05-03 22:47:00,401,2025-05-04 05:28:00
Buddy,Sleep,2025-05-04 00:00:00,404,2025-05-04 06:44:00
Buddy,Breakfast,2025-05-04 07:00:00,7,2025-05-04 07:07:00
Buddy,Relax,2025-05-04 07:27:00,28,2025-05-04 07:55:00
Buddy,Lunch,2025-05-04 11:23:00,17,2025-05-04 11:40:00
Buddy,Relax,2025-05-04 11:31:00,48,2025-05-04 12:19:00
Buddy,Walk,2025-05-04 15:08:00,31,2025-05-04 15:39:00
Buddy,Potty,2025-05-04 17:16:00,9,2025-05-04 17:25:00
Buddy,Dinner,2025-05-04 18:40:00,15,2025-05-04 18:55:00
Buddy,Walk,2025-05-04 18:44:00,48,2025-05-04 19:32:00
Buddy,Relax,2025-05-04 18:58:00,33,2025-05-04 19:31:00
Buddy,Sleep,2025-05-04 22:33:00,524,2025-05-05 07:17:00
Buddy,Sleep,2025-05-05 00:00:00,375,2025-05-05 06:15:00
Buddy,Breakfast,2025-05-05 06:04:00,13,2025-05-05 06:17:00
Buddy,Walk,2025-05-05 07:59:00,37,2025-05-05 08:36:00
Buddy,Play,2025-05-05 08:31:00,54,2025-05-05 09:25:00
Buddy,Potty,2025-05-05 09:34:00,3,2025-05-05 09:37:00
Buddy,Potty,2025-05-05 09:54:00,7,2025-05-05 10:01:00
Buddy,Lunch,2025-05-05 11:08:00,16,2025-05-05 11:24:00
Buddy,Dinner,2025-05-05 17:38:00,15,2025-05-05 17:53:00
Buddy,Potty,2025-05-05 18:13:00,4,2025-05-05 18:17:00
Buddy,Relax,2025-05-05 19:14:00,54,2025-05-05 20:08:00
Buddy,Walk,2025-05-05 20:21:00,58,2025-05-05 21:19:00
Buddy,Sleep,2025-05-05 23:28:00,408,2025-05-06 06:16:00
Buddy,Sleep,2025-05-06 00:00:00,464,2025-05-06 07:44:00
Buddy,Medicine,2025-05-06 06:38:00,5,2025-05-06 06:43:00
Buddy,Walk,2025-05-06 07:04:00,41,2025-05-06 07:45:00
Buddy,Breakfast,2025-05-06 07:17:00,9,2025-05-06 07:26:00
Buddy,Walk,2025-05-06 07:30:00,59,2025-05-06 08:29:00
Buddy,Lunch,2025-05-06 11:46:00,10,2025-05-06 11:56:00
Buddy,Play,2025-05-06 14:34:00,36,2025-05-06 15:10:00
Buddy,Play,2025-05-06 16:30:00,71,2025-05-06 17:41:00
Buddy,Dinner,2025-05-06 17:43:00,19,2025-05-06 18:02:00
Buddy,Play,2025-05-06 18:12:00,87,2025-05-06 19:39:00
Buddy,Sleep,2025-05-06 22:38:00,432,2025-05-07 05:50:00
Buddy,Sleep,2025-05-07 00:00:00,466,2025-05-07 07:46:00
Buddy,Relax,2025-05-07 07:27:00,34,2025-05-07 08:01:00
Buddy,Breakfast,2025-05-07 08:02:00,6,2025-05-07 08:08:00
Buddy,Medicine,2025-05-07 09:47:00,1,2025-05-07 09:48:00
Buddy,Walk,2025-05-07 11:26:00,41,2025-05-07 12:07:00
Buddy,Lunch,2025-05-07 11:56:00,18,2025-05-07 12:14:00
Buddy,Dinner,2025-05-07 17:51:00,19,2025-05-07 18:10:00
Buddy,Walk,2025-05-07 18:11:00,19,2025-05-07 18:30:00
Buddy,Potty,2025-05-07 19:26:00,10,2025-05-07 19:36:00
Buddy,Sleep,2025-05-07 22:02:00,423,2025-05-08 05:05:00
Buddy,Sleep,2025-05-08 00:00:00,412,2025-05-08 06:52:00
Buddy,Relax,2025-05-08 07:24:00,41,2025-05-08 08:05:00
Buddy,Breakfast,2025-05-08 08:17:00,13,2025-05-08 08:30:00
Buddy,Walk,2025-05-08 11:58:00,32,2025-05-08 12:30:00
Buddy,Lunch,2025-05-08 12:21:00,12,2025-05-08 12:33:00
Buddy,Medicine,2025-05-08 14:35:00,2,2025-05-08 14:37:00
Buddy,Relax,2025-05-08 18:05:00,30,2025-05-08 18:35:00
Buddy,Dinner,2025-05-08 18:59:00,17,2025-05-08 19:16:00
Buddy,Play,2025-05-08 20:25:00,84,2025-05-08 21:49:00
Buddy,Sleep,2025-05-08 21:50:00,472,2025-05-09 05:42:00
Buddy,Sleep,2025-05-09 00:00:00,409,2025-05-09 06:49:00
Buddy,Breakfast,2025-05-09 07:08:00,11,2025-05-09 07:19:00
Buddy,Relax,2025-05-09 07:23:00,36,2025-05-09 07:59:00
Buddy,Relax,2025-05-09 09:41:00,50,2025-05-09 10:31:00
Buddy,Medicine,2025-05-09 11:35:00,4,2025-05-09 11:39:00
Buddy,Lunch,2025-05-09 12:10:00,12,2025-05-09 12:22:00
Buddy,Medicine,2025-05-09 17:32:00,4,2025-05-09 17:36:00
Buddy,Dinner,2025-05-09 18:50:00,16,2025-05-09 19:06:00
Buddy,Walk,2025-05-09 20:12:00,33,2025-05-09 20:45:00
Buddy,Relax,2025-05-09 20:14:00,34,2025-05-09 20:48:00
Buddy,Relax,2025-05-09 21:46:00,37,2025-05-09 22:23:00
Buddy,Sleep,2025-05-09 22:33:00,417,2025-05-10 05:30:00
Buddy,Sleep,2025-05-10 00:00:00,463,2025-05-10 07:43:00
Buddy,Breakfast,2025-05-10 06:38:00,13,2025-05-10 06:51:00
Buddy,Play,2025-05-10 07:19:00,116,2025-05-10 09:15:00
Buddy,Lunch,2025-05-10 12:58:00,13,2025-05-10 13:11:00
Buddy,Play,2025-05-10 13:29:00,119,2025-05-10 15:28:00
Buddy,Relax,2025-05-10 16:16:00,30,2025-05-10 16:46:00
Buddy,Dinner,2025-05-10 17:40:00,16,2025-05-10 17:56:00
Buddy,Medicine,2025-05-10 18:13:00,5,2025-05-10 18:18:00
Buddy,Potty,2025-05-10 19:39:00,6,2025-05-10 19:45:00
Buddy,Sleep,2025-05-10 22:10:00,387,2025-05-11 04:37:00
Buddy,Sleep,2025-05-11 00:00:00,430,2025-05-11 07:10:00
Buddy,Relax,2025-05-11 06:44:00,23,2025-05-11 07:07:00
Buddy,Breakfast,2025-05-11 06:53:00,15,2025-05-11 07:08:00
Buddy,Relax,2025-05-11 10:05:00,42,2025-05-11 10:47:00
Buddy,Walk,2025-05-11 11:03:00,56,2025-05-11 11:59:00
Buddy,Play,2025-05-11 12:01:00,98,2025-05-11 13:39:00
Buddy,Lunch,2025-05-11 12:50:00,19,2025-05-11 13:09:00
Buddy,Dinner,2025-05-11 18:08:00,14,2025-05-11 18:22:00
Buddy,Medicine,2025-05-11 20:35:00,4,2025-05-11 20:39:00
Buddy,Sleep,2025-05-11 23:48:00,396,2025-05-12 06:24:00
Buddy,Sleep,2025-05-12 00:00:00,444,2025-05-12 07:24:00
Buddy,Breakfast,2025-05-12 07:13:00,13,2025-05-12 07:26:00
Buddy,Medicine,2025-05-12 07:48:00,4,2025-05-12 07:52:00
Buddy,Walk,2025-05-12 10:13:00,54,2025-05-12 11:07:00
Buddy,Play,2025-05-12 11:11:00,104,2025-05-12 12:55:00
Buddy,Lunch,2025-05-12 12:14:00,18,2025-05-12 12:32:00
Buddy,Relax,2025-05-12 16:49:00,55,2025-05-12 17:44:00
Buddy,Walk,2025-05-12 16:59:00,59,2025-05-12 17:58:00
Buddy,Dinner,2025-05-12 17:32:00,17,2025-05-12 17:49:00
Buddy,Potty,2025-05-12 18:40:00,5,2025-05-12 18:45:00
Buddy,Sleep,2025-05-12 21:33:00,521,2025-05-13 06:14:00
Buddy,Walk,2025-05-12 21:51:00,46,2025-05-12 22:37:00
Buddy,Sleep,2025-05-13 00:00:00,388,2025-05-13 06:28:00
Buddy,Walk,2025-05-13 06:06:00,59,2025-05-13 07:05:00
Buddy,Breakfast,2025-05-13 07:26:00,13,2025-05-13 07:39:00
Buddy,Medicine,2025-05-13 08:08:00,1,2025-05-13 08:09:00
Buddy,Relax,2025-05-13 08:48:00,22,2025-05-13 09:10:00
Buddy,Lunch,2025-05-13 11:08:00,11,2025-05-13 11:19:00
Buddy,Play,2025-05-13 14:58:00,75,2025-05-13 16:13:00
Buddy,Medicine,2025-05-13 15:10:00,5,2025-05-13 15:15:00
Buddy,Dinner,2025-05-13 18:43:00,10,2025-05-13 18:53:00
Buddy,Play,2025-05-13 20:02:00,72,2025-05-13 21:14:00
Buddy,Play,2025-05-13 21:42:00,63,2025-05-13 22:45:00
Buddy,Sleep,2025-05-13 22:08:00,414,2025-05-14 05:02:00
Buddy,Sleep,2025-05-14 00:00:00,450,2025-05-14 07:30:00
Buddy,Relax,2025-05-14 06:41:00,23,2025-05-14 07:04:00
Buddy,Breakfast,2025-05-14 07:11:00,11,2025-05-14 07:22:00
Buddy,Lunch,2025-05-14 12:02:00,18,2025-05-14 12:20:00
Buddy,Play,2025-05-14 14:28:00,120,2025-05-14 16:28:00
Buddy,Potty,2025-05-14 15:24:00,3,2025-05-14 15:27:00
Buddy,Play,2025-05-14 15:33:00,78,2025-05-14 16:51:00
Buddy,Potty,2025-05-14 17:55:00,7,2025-05-14 18:02:00
Buddy,Dinner,2025-05-14 18:17:00,11,2025-05-14 18:28:00
Buddy,Walk,2025-05-14 18:42:00,27,2025-05-14 19:09:00
Buddy,Sleep,2025-05-14 21:15:00,417,2025-05-15 04:12:00
Buddy,Walk,2025-05-14 21:35:00,17,2025-05-14 21:52:00
Buddy,Sleep,2025-05-15 00:00:00,402,2025-05-15 06:42:00
Buddy,Breakfast,2025-05-15 08:13:00,15,2025-05-15 08:28:00
Buddy,Play,2025-05-15 08:42:00,98,2025-05-15 10:20:00
Buddy,Lunch,2025-05-15 11:14:00,15,2025-05-15 11:29:00
Buddy,Relax,2025-05-15 12:44:00,60,2025-05-15 13:44:00
Buddy,Potty,2025-05-15 13:27:00,3,2025-05-15 13:30:00
Buddy,Medicine,2025-05-15 13:54:00,1,2025-05-15 13:55:00
Buddy,Walk,2025-05-15 15:04:00,36,2025-05-15 15:40:00
Buddy,Walk,2025-05-15 17:28:00,37,2025-05-15 18:05:00
Buddy,Relax,2025-05-15 17:46:00,53,2025-05-15 18:39:00
Buddy,Dinner,2025-05-15 18:36:00,17,2025-05-15 18:53:00
Buddy,Sleep,2025-05-15 21:52:00,482,2025-05-16 05:54:00
Buddy,Relax,2025-05-15 21:58:00,20,2025-05-15 22:18:00
Buddy,Sleep,2025-05-16 00:00:00,415,2025-05-16 06:55:00
Buddy,Medicine,2025-05-16 06:24:00,3,2025-05-16 06:27:00
Buddy,Breakfast,2025-05-16 07:17:00,8,2025-05-16 07:25:00
Buddy,Play,2025-05-16 08:50:00,87,2025-05-16 10:17:00
Buddy,Lunch,2025-05-16 11:13:00,17,2025-05-16 11:30:00
Buddy,Potty,2025-05-16 12:00:00,6,2025-05-16 12:06:00
Buddy,Walk,2025-05-16 13:15:00,60,2025-05-16 14:15:00
Buddy,Relax,2025-05-16 14:04:00,27,2025-05-16 14:31:00
Buddy,Relax,2025-05-16 14:25:00,27,2025-05-16 14:52:00
Buddy,Dinner,2025-05-16 18:43:00,11,2025-05-16 18:54:00
Buddy,Sleep,2025-05-16 21:45:00,508,2025-05-17 06:13:00
Buddy,Sleep,2025-05-17 00:00:00,398,2025-05-17 06:38:00
Buddy,Breakfast,2025-05-17 08:26:00,7,2025-05-17 08:33:00
Buddy,Walk,2025-05-17 10:06:00,50,2025-05-17 10:56:00
Buddy,Lunch,2025-05-17 12:35:00,19,2025-05-17 12:54:00
Buddy,Walk,2025-05-17 14:57:00,48,2025-05-17 15:45:00
Buddy,Play,2025-05-17 15:08:00,55,2025-05-17 16:03:00
Buddy,Potty,2025-05-17 16:51:00,10,2025-05-17 17:01:00
Buddy,Medicine,2025-05-17 17:06:00,1,2025-05-17 17:07:00
Buddy,Dinner,2025-05-17 17:28:00,14,2025-05-17 17:42:00
Buddy,Play,2025-05-17 17:38:00,40,2025-05-17 18:18:00
Buddy,Play,2025-05-17 19:56:00,112,2025-05-17 21:48:00
Buddy,Sleep,2025-05-17 23:54:00,476,2025-05-18 07:50:00
Buddy,Sleep,2025-05-18 00:00:00,438,2025-05-18 07:18:00
Buddy,Medicine,2025-05-18 06:27:00,5,2025-05-18 06:32:00
Buddy,Potty,2025-05-18 07:20:00,5,2025-05-18 07:25:00
Buddy,Play,2025-05-18 08:11:00,71,2025-05-18 09:22:00
Buddy,Breakfast,2025-05-18 08:50:00,6,2025-05-18 08:56:00
Buddy,Lunch,2025-05-18 11:54:00,18,2025-05-18 12:12:00
Buddy,Play,2025-05-18 16:07:00,38,2025-05-18 16:45:00
Buddy,Medicine,2025-05-18 16:21:00,4,2025-05-18 16:25:00
Buddy,Walk,2025-05-18 17:10:00,51,2025-05-18 18:01:00
Buddy,Dinner,2025-05-18 17:30:00,17,2025-05-18 17:47:00
Buddy,Potty,2025-05-18 18:37:00,6,2025-05-18 18:43:00
Buddy,Walk,2025-05-18 20:29:00,28,2025-05-18 20:57:00
Buddy,Sleep,2025-05-18 21:06:00,443,2025-05-19 04:29:00
Buddy,Sleep,2025-05-19 00:00:00,445,2025-05-19 07:25:00
Buddy,Breakfast,2025-05-19 07:28:00,12,2025-05-19 07:40:00
Buddy,Play,2025-05-19 08:03:00,59,2025-05-19 09:02:00
Buddy,Walk,2025-05-19 10:42:00,51,2025-05-19 11:33:00
Buddy,Lunch,2025-05-19 11:53:00,13,2025-05-19 12:06:00
Buddy,Walk,2025-05-19 12:48:00,18,2025-05-19 13:06:00
Buddy,Play,2025-05-19 18:22:00,78,2025-05-19 19:40:00
Buddy,Dinner,2025-05-19 18:54:00,20,2025-05-19 19:14:00
Buddy,Medicine,2025-05-19 19:21:00,5,2025-05-19 19:26:00
Buddy,Medicine,2025-05-19 21:06:00,5,2025-05-19 21:11:00
Buddy,Walk,2025-05-19 21:39:00,37,2025-05-19 22:16:00
Buddy,Sleep,2025-05-19 21:50:00,401,2025-05-20 04:31:00
Buddy,Sleep,2025-05-20 00:00:00,472,2025-05-20 07:52:00
Buddy,Medicine,2025-05-20 06:16:00,4,2025-05-20 06:20:00
Buddy,Breakfast,2025-05-20 06:40:00,8,2025-05-20 06:48:00
Buddy,Relax,2025-05-20 09:46:00,20,2025-05-20 10:06:00
Buddy,Lunch,2025-05-20 12:09:00,20,2025-05-20 12:29:00
Buddy,Play,2025-05-20 16:14:00,50,2025-05-20 17:04:00
Buddy,Medicine,2025-05-20 17:47:00,1,2025-05-20 17:48:00
Buddy,Dinner,2025-05-20 18:42:00,18,2025-05-20 19:00:00
Buddy,Medicine,2025-05-20 18:58:00,2,2025-05-20 19:00:00
Buddy,Relax,2025-05-20 19:53:00,27,2025-05-20 20:20:00
Buddy,Sleep,2025-05-20 23:22:00,386,2025-05-21 05:48:00
Buddy,Sleep,2025-05-21 00:00:00,455,2025-05-21 07:35:00
Buddy,Breakfast,2025-05-21 07:50:00,8,2025-05-21 07:58:00
Buddy,Walk,2025-05-21 09:06:00,56,2025-05-21 10:02:00
Buddy,Play,2025-05-21 09:28:00,51,2025-05-21 10:19:00
Buddy,Play,2025-05-21 12:07:00,40,2025-05-21 12:47:00
Buddy,Lunch,2025-05-21 12:19:00,18,2025-05-21 12:37:00
Buddy,Walk,2025-05-21 15:06:00,58,2025-05-21 16:04:00
Buddy,Play,2025-05-21 17:26:00,84,2025-05-21 18:50:00
Buddy,Medicine,2025-05-21 18:06:00,2,2025-05-21 18:08:00
Buddy,Dinner,2025-05-21 18:39:00,19,2025-05-21 18:58:00
Buddy,Sleep,2025-05-21 23:25:00,418,2025-05-22 06:23:00
Buddy,Sleep,2025-05-22 00:00:00,401,2025-05-22 06:41:00
Buddy,Breakfast,2025-05-22 06:08:00,11,2025-05-22 06:19:00
Buddy,Walk,2025-05-22 07:26:00,30,2025-05-22 07:56:00
Buddy,Medicine,2025-05-22 10:06:00,3,2025-05-22 10:09:00
Buddy,Lunch,2025-05-22 11:48:00,17,2025-05-22 12:05:00
Buddy,Play,2025-05-22 13:29:00,67,2025-05-22 14:36:00
Buddy,Walk,2025-05-22 14:44:00,39,2025-05-22 15:23:00
Buddy,Dinner,2025-05-22 17:33:00,15,2025-05-22 17:48:00
Buddy,Play,2025-05-22 18:39:00,93,2025-05-22 20:12:00
Buddy,Walk,2025-05-22 20:49:00,31,2025-05-22 21:20:00
Buddy,Sleep,2025-05-22 22:34:00,402,2025-05-23 05:16:00
Buddy,Sleep,2025-05-23 00:00:00,473,2025-05-23 07:53:00
Buddy,Breakfast,2025-05-23 08:39:00,10,2025-05-23 08:49:00
Buddy,Relax,2025-05-23 08:48:00,40,2025-05-23 09:28:00
Buddy,Play,2025-05-23 11:28:00,48,2025-05-23 12:16:00
Buddy,Lunch,2025-05-23 12:25:00,10,2025-05-23 12:35:00
Buddy,Medicine,2025-05-23 12:42:00,2,2025-05-23 12:44:00
Buddy,Medicine,2025-05-23 15:08:00,2,2025-05-23 15:10:00
Buddy,Play,2025-05-23 15:14:00,110,2025-05-23 17:04:00
Buddy,Dinner,2025-05-23 18:56:00,15,2025-05-23 19:11:00
Buddy,Relax,2025-05-23 19:31:00,51,2025-05-23 20:22:00
Buddy,Potty,2025-05-23 20:39:00,3,2025-05-23 20:42:00
Buddy,Sleep,2025-05-23 21:07:00,398,2025-05-24 03:45:00
Buddy,Sleep,2025-05-24 00:00:00,444,2025-05-24 07:24:00
Buddy,Breakfast,2025-05-24 06:40:00,6,2025-05-24 06:46:00
Buddy,Medicine,2025-05-24 07:04:00,5,2025-05-24 07:09:00
Buddy,Medicine,2025-05-24 07:17:00,5,2025-05-24 07:22:00
Buddy,Walk,2025-05-24 07:34:00,45,2025-05-24 08:19:00
Buddy,Lunch,2025-05-24 11:29:00,12,2025-05-24 11:41:00
Buddy,Walk,2025-05-24 14:56:00,31,2025-05-24 15:27:00
Buddy,Walk,2025-05-24 16:53:00,44,2025-05-24 17:37:00
Buddy,Dinner,2025-05-24 18:45:00,12,2025-05-24 18:57:00
Buddy,Medicine,2025-05-24 19:56:00,1,2025-05-24 19:57:00
Buddy,Sleep,2025-05-24 21:09:00,368,2025-05-25 03:17:00
Buddy,Sleep,2025-05-25 00:00:00,410,2025-05-25 06:50:00
Buddy,Medicine,2025-05-25 07:28:00,5,2025-05-25 07:33:00
Buddy,Medicine,2025-05-25 07:39:00,1,2025-05-25 07:40:00
Buddy,Breakfast,2025-05-25 08:32:00,12,2025-05-25 08:44:00
Buddy,Relax,2025-05-25 09:20:00,46,2025-05-25 10:06:00
Buddy,Medicine,2025-05-25 11:44:00,4,2025-05-25 11:48:00
Buddy,Lunch,2025-05-25 12:09:00,11,2025-05-25 12:20:00
Buddy,Relax,2025-05-25 12:47:00,25,2025-05-25 13:12:00
Buddy,Walk,2025-05-25 14:26:00,45,2025-05-25 15:11:00
Buddy,Potty,2025-05-25 16:41:00,6,2025-05-25 16:47:00
Buddy,Dinner,2025-05-25 17:49:00,12,2025-05-25 18:01:00
Buddy,Medicine,2025-05-25 21:19:00,3,2025-05-25 21:22:00
Buddy,Sleep,2025-05-25 21:47:00,385,2025-05-26 04:12:00
Buddy,Sleep,2025-05-26 00:00:00,379,2025-05-26 06:19:00
Buddy,Potty,2025-05-26 06:17:00,3,2025-05-26 06:20:00
Buddy,Breakfast,2025-05-26 06:35:00,12,2025-05-26 06:47:00
Buddy,Walk,2025-05-26 06:54:00,31,2025-05-26 07:25:00
Buddy,Lunch,2025-05-26 12:36:00,20,2025-05-26 12:56:00
Buddy,Walk,2025-05-26 13:25:00,17,2025-05-26 13:42:00
Buddy,Relax,2025-05-26 15:51:00,51,2025-05-26 16:42:00
Buddy,Relax,2025-05-26 16:53:00,28,2025-05-26 17:21:00
Buddy,Dinner,2025-05-26 17:34:00,14,2025-05-26 17:48:00
Buddy,Play,2025-05-26 18:18:00,111,2025-05-26 20:09:00
Buddy,Medicine,2025-05-26 21:19:00,4,2025-05-26 21:23:00
Buddy,Sleep,2025-05-26 22:52:00,538,2025-05-27 07:50:00
Buddy,Sleep,2025-05-27 00:00:00,461,2025-05-27 07:41:00
Buddy,Breakfast,2025-05-27 06:03:00,12,2025-05-27 06:15:00
Buddy,Walk,2025-05-27 06:15:00,46,2025-05-27 07:01:00
Buddy,Potty,2025-05-27 07:46:00,5,2025-05-27 07:51:00
Buddy,Potty,2025-05-27 10:16:00,8,2025-05-27 10:24:00
Buddy,Lunch,2025-05-27 11:42:00,20,2025-05-27 12:02:00
Buddy,Medicine,2025-05-27 13:15:00,5,2025-05-27 13:20:00
Buddy,Relax,2025-05-27 15:19:00,48,2025-05-27 16:07:00
Buddy,Potty,2025-05-27 17:43:00,7,2025-05-27 17:50:00
Buddy,Dinner,2025-05-27 17:54:00,18,2025-05-27 18:12:00
Buddy,Potty,2025-05-27 21:09:00,5,2025-05-27 21:14:00
Buddy,Sleep,2025-05-27 21:36:00,378,2025-05-28 03:54:00
Buddy,Sleep,2025-05-28 00:00:00,409,2025-05-28 06:49:00
Buddy,Breakfast,2025-05-28 06:48:00,8,2025-05-28 06:56:00
Buddy,Lunch,2025-05-28 11:23:00,12,2025-05-28 11:35:00
Buddy,Potty,2025-05-28 11:36:00,4,2025-05-28 11:40:00
Buddy,Medicine,2025-05-28 14:08:00,1,2025-05-28 14:09:00
Buddy,Walk,2025-05-28 14:56:00,45,2025-05-28 15:41:00
Buddy,Dinner,2025-05-28 18:08:00,15,2025-05-28 18:23:00
Buddy,Medicine,2025-05-28 18:30:00,2,2025-05-28 18:32:00
Buddy,Walk,2025-05-28 19:28:00,45,2025-05-28 20:13:00
Buddy,Sleep,2025-05-28 22:08:00,497,2025-05-29 06:25:00
Buddy,Sleep,2025-05-29 00:00:00,361,2025-05-29 06:01:00
Buddy,Play,2025-05-29 06:44:00,102,2025-05-29 08:26:00
Buddy,Walk,2025-05-29 07:23:00,45,2025-05-29 08:08:00
Buddy,Breakfast,2025-05-29 07:48:00,12,2025-05-29 08:00:00
Buddy,Walk,2025-05-29 08:15:00,48,2025-05-29 09:03:00
Buddy,Lunch,2025-05-29 12:52:00,10,2025-05-29 13:02:00
Buddy,Walk,2025-05-29 17:29:00,54,2025-05-29 18:23:00
Buddy,Dinner,2025-05-29 17:54:00,14,2025-05-29 18:08:00
Buddy,Walk,2025-05-29 19:38:00,42,2025-05-29 20:20:00
Buddy,Sleep,2025-05-29 22:57:00,524,2025-05-30 07:41:00
Buddy,Sleep,2025-05-30 00:00:00,423,2025-05-30 07:03:00
Buddy,Breakfast,2025-05-30 06:29:00,8,2025-05-30 06:37:00
Buddy,Relax,2025-05-30 08:24:00,58,2025-05-30 09:22:00
Buddy,Medicine,2025-05-30 10:16:00,4,2025-05-30 10:20:00
Buddy,Medicine,2025-05-30 10:23:00,3,2025-05-30 10:26:00
Buddy,Lunch,2025-05-30 11:02:00,15,2025-05-30 11:17:00
Buddy,Play,2025-05-30 13:43:00,81,2025-05-30 15:04:00
Buddy,Play,2025-05-30 15:18:00,87,2025-05-30 16:45:00
Buddy,Potty,2025-05-30 16:36:00,8,2025-05-30 16:44:00
Buddy,Dinner,2025-05-30 18:12:00,18,2025-05-30 18:30:00
Buddy,Relax,2025-05-30 18:23:00,26,2025-05-30 18:49:00
Buddy,Sleep,2025-05-30 21:44:00,440,2025-05-31 05:04:00
Buddy,Sleep,2025-05-31 00:00:00,435,2025-05-31 07:15:00
Buddy,Breakfast,2025-05-31 07:00:00,15,2025-05-31 07:15:00
Buddy,Walk,2025-05-31 10:00:00,43,2025-05-31 10:43:00
Buddy,Lunch,2025-05-31 11:42:00,17,2025-05-31 11:59:00
Buddy,Walk,2025-05-31 13:02:00,15,2025-05-31 13:17:00
Buddy,Relax,2025-05-31 13:05:00,44,2025-05-31 13:49:00
Buddy,Play,2025-05-31 15:27:00,62,2025-05-31 16:29:00
Buddy,Potty,2025-05-31 16:36:00,5,2025-05-31 16:41:00
Buddy,Dinner,2025-05-31 18:54:00,19,2025-05-31 19:13:00
Buddy,Medicine,2025-05-31 19:51:00,3,2025-05-31 19:54:00
Buddy,Sleep,2025-05-31 21:51:00,383,2025-06-01 04:14:00
Buddy,Medicine,2025-05-31 21:52:00,4,2025-05-31 21:56:00
Buddy,Sleep,2025-06-01 00:00:00,448,2025-06-01 07:28:00
Buddy,Relax,2025-06-01 06:55:00,25,2025-06-01 07:20:00
Buddy,Walk,2025-06-01 08:03:00,41,2025-06-01 08:44:00
Buddy,Breakfast,2025-06-01 08:13:00,13,2025-06-01 08:26:00
Buddy,Walk,2025-06-01 08:44:00,37,2025-06-01 09:21:00
Buddy,Medicine,2025-06-01 09:18:00,1,2025-06-01 09:19:00
Buddy,Lunch,2025-06-01 11:05:00,11,2025-06-01 11:16:00
Buddy,Medicine,2025-06-01 18:44:00,3,2025-06-01 18:47:00
Buddy,Dinner,2025-06-01 18:47:00,14,2025-06-01 19:01:00
Buddy,Sleep,2025-06-01 23:12:00,396,2025-06-02 05:48:00
Buddy,Sleep,2025-06-02 00:00:00,411,2025-06-02 06:51:00
Buddy,Breakfast,2025-06-02 07:33:00,11,2025-06-02 07:44:00
Buddy,Medicine,2025-06-02 09:57:00,3,2025-06-02 10:00:00
Buddy,Lunch,2025-06-02 11:17:00,19,2025-06-02 11:36:00
Buddy,Walk,2025-06-02 14:20:00,33,2025-06-02 14:53:00
Buddy,Walk,2025-06-02 15:37:00,24,2025-06-02 16:01:00
Buddy,Walk,2025-06-02 16:43:00,58,2025-06-02 17:41:00
Buddy,Dinner,2025-06-02 17:29:00,18,2025-06-02 17:47:00
Buddy,Play,2025-06-02 20:08:00,46,2025-06-02 20:54:00
Buddy,Walk,2025-06-02 20:51:00,54,2025-06-02 21:45:00
Buddy,Sleep,2025-06-02 23:41:00,517,2025-06-03 08:18:00
Buddy,Sleep,2025-06-03 00:00:00,478,2025-06-03 07:58:00
Buddy,Breakfast,2025-06-03 06:41:00,7,2025-06-03 06:48:00
Buddy,Lunch,2025-06-03 11:12:00,19,2025-06-03 11:31:00
Buddy,Play,2025-06-03 12:42:00,114,2025-06-03 14:36:00
Buddy,Play,2025-06-03 15:06:00,67,2025-06-03 16:13:00
Buddy,Relax,2025-06-03 16:39:00,43,2025-06-03 17:22:00
Buddy,Dinner,2025-06-03 18:10:00,17,2025-06-03 18:27:00
Buddy,Relax,2025-06-03 18:45:00,21,2025-06-03 19:06:00
Buddy,Relax,2025-06-03 19:33:00,43,2025-06-03 20:16:00
Buddy,Sleep,2025-06-03 23:19:00,399,2025-06-04 05:58:00
Buddy,Sleep,2025-06-04 00:00:00,385,2025-06-04 06:25:00
Buddy,Breakfast,2025-06-04 08:06:00,10,2025-06-04 08:16:00
Buddy,Potty,2025-06-04 08:45:00,6,2025-06-04 08:51:00
Buddy,Walk,2025-06-04 09:15:00,46,2025-06-04 10:01:00
Buddy,Medicine,2025-06-04 10:23:00,4,2025-06-04 10:27:00
Buddy,Lunch,2025-06-04 12:21:00,17,2025-06-04 12:38:00
Buddy,Medicine,2025-06-04 15:22:00,3,2025-06-04 15:25:00
Buddy,Relax,2025-06-04 15:25:00,58,2025-06-04 16:23:00
Buddy,Relax,2025-06-04 16:16:00,51,2025-06-04 17:07:00
Buddy,Dinner,2025-06-04 18:22:00,13,2025-06-04 18:35:00
Buddy,Walk,2025-06-04 21:05:00,44,2025-06-04 21:49:00
Buddy,Sleep,2025-06-04 23:38:00,529,2025-06-05 08:27:00
Buddy,Sleep,2025-06-05 00:00:00,372,2025-06-05 06:12:00
Buddy,Breakfast,2025-06-05 06:11:00,11,2025-06-05 06:22:00
Buddy,Medicine,2025-06-05 06:58:00,3,2025-06-05 07:01:00
Buddy,Relax,2025-06-05 08:18:00,56,2025-06-05 09:14:00
Buddy,Potty,2025-06-05 10:07:00,10,2025-06-05 10:17:00
Buddy,Lunch,2025-06-05 11:28:00,13,2025-06-05 11:41:00
Buddy,Medicine,2025-06-05 14:28:00,2,2025-06-05 14:30:00
Buddy,Dinner,2025-06-05 17:31:00,15,2025-06-05 17:46:00
Buddy,Walk,2025-06-05 19:27:00,20,2025-06-05 19:47:00
Buddy,Sleep,2025-06-05 22:14:00,449,2025-06-06 05:43:00
Buddy,Sleep,2025-06-06 00:00:00,461,2025-06-06 07:41:00
Buddy,Breakfast,2025-06-06 06:11:00,5,2025-06-06 06:16:00
Buddy,Walk,2025-06-06 08:16:00,52,2025-06-06 09:08:00
Buddy,Potty,2025-06-06 09:20:00,9,2025-06-06 09:29:00
Buddy,Lunch,2025-06-06 12:18:00,13,2025-06-06 12:31:00
Buddy,Potty,2025-06-06 13:44:00,6,2025-06-06 13:50:00
Buddy,Relax,2025-06-06 15:43:00,21,2025-06-06 16:04:00
Buddy,Walk,2025-06-06 16:39:00,47,2025-06-06 17:26:00
Buddy,Play,2025-06-06 17:04:00,100,2025-06-06 18:44:00
Buddy,Dinner,2025-06-06 18:11:00,18,2025-06-06 18:29:00
Buddy,Relax,2025-06-06 20:13:00,30,2025-06-06 20:43:00
Buddy,Sleep,2025-06-06 22:08:00,366,2025-06-07 04:14:00
Buddy,Sleep,2025-06-07 00:00:00,451,2025-06-07 07:31:00
Buddy,Walk,2025-06-07 06:50:00,24,2025-06-07 07:14:00
Buddy,Breakfast,2025-06-07 07:27:00,12,2025-06-07 07:39:00
Buddy,Walk,2025-06-07 11:39:00,46,2025-06-07 12:25:00
Buddy,Lunch,2025-06-07 12:15:00,17,2025-06-07 12:32:00
Buddy,Play,2025-06-07 12:48:00,116,2025-06-07 14:44:00
Buddy,Medicine,2025-06-07 17:07:00,4,2025-06-07 17:11:00
Buddy,Dinner,2025-06-07 17:58:00,17,2025-06-07 18:15:00
Buddy,Potty,2025-06-07 18:56:00,8,2025-06-07 19:04:00
Buddy,Play,2025-06-07 19:15:00,33,2025-06-07 19:48:00
Buddy,Potty,2025-06-07 21:21:00,9,2025-06-07 21:30:00
Buddy,Medicine,2025-06-07 21:50:00,2,2025-06-07 21:52:00
Buddy,Sleep,2025-06-07 22:55:00,495,2025-06-08 07:10:00
Buddy,Sleep,2025-06-08 00:00:00,400,2025-06-08 06:40:00
Buddy,Breakfast,2025-06-08 08:40:00,14,2025-06-08 08:54:00
Buddy,Play,2025-06-08 10:41:00,57,2025-06-08 11:38:00
Buddy,Lunch,2025-06-08 12:51:00,11,2025-06-08 13:02:00
Buddy,Walk,2025-06-08 14:26:00,21,2025-06-08 14:47:00
Buddy,Relax,2025-06-08 16:04:00,35,2025-06-08 16:39:00
Buddy,Play,2025-06-08 16:46:00,77,2025-06-08 18:03:00
Buddy,Dinner,2025-06-08 17:15:00,14,2025-06-08 17:29:00
Buddy,Walk,2025-06-08 19:23:00,41,2025-06-08 20:04:00
Buddy,Sleep,2025-06-08 21:50:00,459,2025-06-09 05:29:00
Buddy,Sleep,2025-06-09 00:00:00,462,2025-06-09 07:42:00
Buddy,Breakfast,2025-06-09 07:58:00,9,2025-06-09 08:07:00
Buddy,Lunch,2025-06-09 12:55:00,11,2025-06-09 13:06:00
Buddy,Potty,2025-06-09 13:18:00,5,2025-06-09 13:23:00
Buddy,Potty,2025-06-09 13:23:00,3,2025-06-09 13:26:00
Buddy,Potty,2025-06-09 14:25:00,10,2025-06-09 14:35:00
Buddy,Relax,2025-06-09 14:41:00,33,2025-06-09 15:14:00
Buddy,Dinner,2025-06-09 17:26:00,11,2025-06-09 17:37:00
Buddy,Walk,2025-06-09 21:27:00,48,2025-06-09 22:15:00
Buddy,Relax,2025-06-09 21:27:00,34,2025-06-09 22:01:00
Buddy,Sleep,2025-06-09 23:06:00,410,2025-06-10 05:56:00
Buddy,Sleep,2025-06-10 00:00:00,377,2025-06-10 06:17:00
Buddy,Breakfast,2025-06-10 07:47:00,7,2025-06-10 07:54:00
Buddy,Lunch,2025-06-10 11:37:00,14,2025-06-10 11:51:00
Buddy,Potty,2025-06-10 12:34:00,3,2025-06-10 12:37:00
Buddy,Medicine,2025-06-10 14:32:00,3,2025-06-10 14:35:00
Buddy,Relax,2025-06-10 16:33:00,52,2025-06-10 17:25:00
Buddy,Play,2025-06-10 17:01:00,71,2025-06-10 18:12:00
Buddy,Dinner,2025-06-10 17:32:00,14,2025-06-10 17:46:00
Buddy,Play,2025-06-10 21:13:00,51,2025-06-10 22:04:00
Buddy,Sleep,2025-06-10 23:55:00,524,2025-06-11 08:39:00
Buddy,Sleep,2025-06-11 00:00:00,413,2025-06-11 06:53:00
Buddy,Breakfast,2025-06-11 06:46:00,7,2025-06-11 06:53:00
Buddy,Medicine,2025-06-11 08:07:00,3,2025-06-11 08:10:00
Buddy,Lunch,2025-06-11 11:20:00,20,2025-06-11 11:40:00
Buddy,Walk,2025-06-11 12:30:00,42,2025-06-11 13:12:00
Buddy,Walk,2025-06-11 16:50:00,46,2025-06-11 17:36:00
Buddy,Walk,2025-06-11 17:50:00,58,2025-06-11 18:48:00
Buddy,Dinner,2025-06-11 17:55:00,20,2025-06-11 18:15:00
Buddy,Medicine,2025-06-11 19:07:00,4,2025-06-11 19:11:00
Buddy,Sleep,2025-06-11 22:55:00,492,2025-06-12 07:07:00
Buddy,Sleep,2025-06-12 00:00:00,389,2025-06-12 06:29:00
Buddy,Potty,2025-06-12 06:42:00,8,2025-06-12 06:50:00
Buddy,Breakfast,2025-06-12 06:53:00,15,2025-06-12 07:08:00
Buddy,Potty,2025-06-12 09:21:00,10,2025-06-12 09:31:00
Buddy,Play,2025-06-12 10:44:00,52,2025-06-12 11:36:00
Buddy,Lunch,2025-06-12 11:15:00,17,2025-06-12 11:32:00
Buddy,Potty,2025-06-12 17:58:00,4,2025-06-12 18:02:00
Buddy,Dinner,2025-06-12 18:42:00,13,2025-06-12 18:55:00
Buddy,Play,2025-06-12 18:48:00,53,2025-06-12 19:41:00
Buddy,Walk,2025-06-12 20:32:00,21,2025-06-12 20:53:00
Buddy,Sleep,2025-06-12 21:07:00,412,2025-06-13 03:59:00
Buddy,Sleep,2025-06-13 00:00:00,463,2025-06-13 07:43:00
Buddy,Breakfast,2025-06-13 06:31:00,13,2025-06-13 06:44:00
Buddy,Potty,2025-06-13 09:47:00,5,2025-06-13 09:52:00
Buddy,Potty,2025-06-13 12:10:00,10,2025-06-13 12:20:00
Buddy,Lunch,2025-06-13 12:20:00,11,2025-06-13 12:31:00
Buddy,Relax,2025-06-13 12:42:00,44,2025-06-13 13:26:00
Buddy,Medicine,2025-06-13 17:15:00,4,2025-06-13 17:19:00
Buddy,Relax,2025-06-13 17:24:00,31,2025-06-13 17:55:00
Buddy,Dinner,2025-06-13 17:32:00,15,2025-06-13 17:47:00
Buddy,Relax,2025-06-13 20:04:00,43,2025-06-13 20:47:00
Buddy,Sleep,2025-06-13 23:29:00,385,2025-06-14 05:54:00
Buddy,Sleep,2025-06-14 00:00:00,423,2025-06-14 07:03:00
Buddy,Walk,2025-06-14 06:11:00,51,2025-06-14 07:02:00
Buddy,Breakfast,2025-06-14 06:13:00,5,2025-06-14 06:18:00
Buddy,Lunch,2025-06-14 11:29:00,20,2025-06-14 11:49:00
Buddy,Play,2025-06-14 12:15:00,93,2025-06-14 13:48:00
Buddy,Relax,2025-06-14 12:21:00,28,2025-06-14 12:49:00
Buddy,Play,2025-06-14 13:02:00,90,2025-06-14 14:32:00
Buddy,Play,2025-06-14 14:03:00,85,2025-06-14 15:28:00
Buddy,Dinner,2025-06-14 17:15:00,20,2025-06-14 17:35:00
Buddy,Potty,2025-06-14 19:32:00,9,2025-06-14 19:41:00
Buddy,Relax,2025-06-14 20:34:00,41,2025-06-14 21:15:00
Buddy,Sleep,2025-06-14 21:10:00,373,2025-06-15 03:23:00
Buddy,Sleep,2025-06-15 00:00:00,399,2025-06-15 06:39:00
Buddy,Breakfast,2025-06-15 07:44:00,10,2025-06-15 07:54:00
Buddy,Lunch,2025-06-15 11:11:00,20,2025-06-15 11:31:00
Buddy,Play,2025-06-15 12:24:00,106,2025-06-15 14:10:00
Buddy,Potty,2025-06-15 16:36:00,8,2025-06-15 16:44:00
Buddy,Play,2025-06-15 16:50:00,70,2025-06-15 18:00:00
Buddy,Dinner,2025-06-15 17:56:00,12,2025-06-15 18:08:00
Buddy,Potty,2025-06-15 18:07:00,8,2025-06-15 18:15:00
Buddy,Medicine,2025-06-15 18:53:00,5,2025-06-15 18:58:00
Buddy,Play,2025-06-15 21:13:00,100,2025-06-15 22:53:00
Buddy,Sleep,2025-06-15 23:21:00,525,2025-06-16 08:06:00
Buddy,Sleep,2025-06-16 00:00:00,467,2025-06-16 07:47:00
Buddy,Relax,2025-06-16 07:18:00,23,2025-06-16 07:41:00
Buddy,Walk,2025-06-16 07:54:00,42,2025-06-16 08:36:00
Buddy,Breakfast,2025-06-16 08:16:00,10,2025-06-16 08:26:00
Buddy,Potty,2025-06-16 09:08:00,10,2025-06-16 09:18:00
Buddy,Relax,2025-06-16 10:29:00,48,2025-06-16 11:17:00
Buddy,Lunch,2025-06-16 11:32:00,10,2025-06-16 11:42:00
Buddy,Dinner,2025-06-16 17:01:00,15,2025-06-16 17:16:00
Buddy,Play,2025-06-16 21:36:00,79,2025-06-16 22:55:00
Buddy,Sleep,2025-06-16 23:22:00,473,2025-06-17 07:15:00
Buddy,Sleep,2025-06-17 00:00:00,426,2025-06-17 07:06:00
Buddy,Walk,2025-06-17 06:14:00,21,2025-06-17 06:35:00
Buddy,Breakfast,2025-06-17 07:37:00,9,2025-06-17 07:46:00
Buddy,Medicine,2025-06-17 07:54:00,4,2025-06-17 07:58:00
Buddy,Relax,2025-06-17 09:37:00,34,2025-06-17 10:11:00
Buddy,Play,2025-06-17 10:06:00,53,2025-06-17 10:59:00
Buddy,Relax,2025-06-17 11:49:00,35,2025-06-17 12:24:00
Buddy,Lunch,2025-06-17 12:27:00,15,2025-06-17 12:42:00
Buddy,Walk,2025-06-17 13:36:00,50,2025-06-17 14:26:00
Buddy,Dinner,2025-06-17 18:17:00,20,2025-06-17 18:37:00
Buddy,Sleep,2025-06-17 21:43:00,432,2025-06-18 04:55:00
Buddy,Sleep,2025-06-18 00:00:00,398,2025-06-18 06:38:00
Buddy,Relax,2025-06-18 06:39:00,35,2025-06-18 07:14:00
Buddy,Breakfast,2025-06-18 06:44:00,9,2025-06-18 06:53:00
Buddy,Play,2025-06-18 08:29:00,79,2025-06-18 09:48:00
Buddy,Lunch,2025-06-18 12:00:00,17,2025-06-18 12:17:00
Buddy,Walk,2025-06-18 14:41:00,49,2025-06-18 15:30:00
Buddy,Medicine,2025-06-18 15:28:00,4,2025-06-18 15:32:00
Buddy,Dinner,2025-06-18 17:18:00,13,2025-06-18 17:31:00
Buddy,Medicine,2025-06-18 17:45:00,4,2025-06-18 17:49:00
Buddy,Medicine,2025-06-18 19:07:00,1,2025-06-18 19:08:00
Buddy,Sleep,2025-06-18 22:34:00,406,2025-06-19 05:20:00
Buddy,Sleep,2025-06-19 00:00:00,459,2025-06-19 07:39:00
Buddy,Relax,2025-06-19 07:34:00,22,2025-06-19 07:56:00
Buddy,Breakfast,2025-06-19 08:39:00,5,2025-06-19 08:44:00
Buddy,Walk,2025-06-19 10:46:00,52,2025-06-19 11:38:00
Buddy,Lunch,2025-06-19 12:04:00,14,2025-06-19 12:18:00
Buddy,Relax,2025-06-19 13:04:00,30,2025-06-19 13:34:00
Buddy,Relax,2025-06-19 14:46:00,52,2025-06-19 15:38:00
Buddy,Potty,2025-06-19 17:51:00,9,2025-06-19 18:00:00
Buddy,Medicine,2025-06-19 18:01:00,5,2025-06-19 18:06:00
Buddy,Dinner,2025-06-19 18:41:00,16,2025-06-19 18:57:00
Buddy,Potty,2025-06-19 19:30:00,10,2025-06-19 19:40:00
Buddy,Sleep,2025-06-19 22:24:00,423,2025-06-20 05:27:00
Buddy,Sleep,2025-06-20 00:00:00,459,2025-06-20 07:39:00
Buddy,Medicine,2025-06-20 06:10:00,1,2025-06-20 06:11:00
Buddy,Breakfast,2025-06-20 07:29:00,7,2025-06-20 07:36:00
Buddy,Play,2025-06-20 11:52:00,57,2025-06-20 12:49:00
Buddy,Lunch,2025-06-20 12:59:00,11,2025-06-20 13:10:00
Buddy,Play,2025-06-20 16:22:00,110,2025-06-20 18:12:00
Buddy,Walk,2025-06-20 17:33:00,48,2025-06-20 18:21:00
Buddy,Dinner,2025-06-20 18:12:00,14,2025-06-20 18:26:00
Buddy,Relax,2025-06-20 19:11:00,45,2025-06-20 19:56:00
Buddy,Potty,2025-06-20 19:12:00,6,2025-06-20 19:18:00
Buddy,Medicine,2025-06-20 21:32:00,2,2025-06-20 21:34:00
Buddy,Sleep,2025-06-20 23:43:00,362,2025-06-21 05:45:00
Buddy,Sleep,2025-06-21 00:00:00,462,2025-06-21 07:42:00
Buddy,Play,2025-06-21 06:16:00,55,2025-06-21 07:11:00
Buddy,Breakfast,2025-06-21 06:21:00,13,2025-06-21 06:34:00
Buddy,Medicine,2025-06-21 06:46:00,3,2025-06-21 06:49:00
Buddy,Play,2025-06-21 07:57:00,60,2025-06-21 08:57:00
Buddy,Potty,2025-06-21 11:37:00,9,2025-06-21 11:46:00
Buddy,Lunch,2025-06-21 11:53:00,19,2025-06-21 12:12:00
Buddy,Dinner,2025-06-21 17:29:00,17,2025-06-21 17:46:00
Buddy,Play,2025-06-21 20:04:00,58,2025-06-21 21:02:00
Buddy,Sleep,2025-06-21 22:05:00,404,2025-06-22 04:49:00
Buddy,Sleep,2025-06-22 00:00:00,395,2025-06-22 06:35:00
Buddy,Breakfast,2025-06-22 06:43:00,7,2025-06-22 06:50:00
Buddy,Potty,2025-06-22 07:25:00,3,2025-06-22 07:28:00
Buddy,Walk,2025-06-22 08:50:00,57,2025-06-22 09:47:00
Buddy,Lunch,2025-06-22 12:13:00,20,2025-06-22 12:33:00
Buddy,Relax,2025-06-22 14:21:00,42,2025-06-22 15:03:00
Buddy,Relax,2025-06-22 16:16:00,43,2025-06-22 16:59:00
Buddy,Dinner,2025-06-22 18:19:00,15,2025-06-22 18:34:00
Buddy,Medicine,2025-06-22 18:34:00,5,2025-06-22 18:39:00
Buddy,Walk,2025-06-22 21:53:00,54,2025-06-22 22:47:00
Buddy,Sleep,2025-06-22 23:54:00,367,2025-06-23 06:01:00
Buddy,Sleep,2025-06-23 00:00:00,442,2025-06-23 07:22:00
Buddy,Walk,2025-06-23 06:14:00,30,2025-06-23 06:44:00
Buddy,Breakfast,2025-06-23 07:29:00,13,2025-06-23 07:42:00
Buddy,Potty,2025-06-23 09:50:00,6,2025-06-23 09:56:00
Buddy,Medicine,2025-06-23 12:03:00,4,2025-06-23 12:07:00
Buddy,Lunch,2025-06-23 12:15:00,13,2025-06-23 12:28:00
Buddy,Walk,2025-06-23 12:15:00,39,2025-06-23 12:54:00
Buddy,Medicine,2025-06-23 14:38:00,1,2025-06-23 14:39:00
Buddy,Play,2025-06-23 14:38:00,30,2025-06-23 15:08:00
Buddy,Play,2025-06-23 17:14:00,44,2025-06-23 17:58:00
Buddy,Dinner,2025-06-23 17:24:00,13,2025-06-23 17:37:00
Buddy,Medicine,2025-06-23 19:00:00,4,2025-06-23 19:04:00
Buddy,Sleep,2025-06-23 22:35:00,479,2025-06-24 06:34:00
Buddy,Sleep,2025-06-24 00:00:00,427,2025-06-24 07:07:00
Buddy,Breakfast,2025-06-24 07:31:00,15,2025-06-24 07:46:00
Buddy,Walk,2025-06-24 08:39:00,17,2025-06-24 08:56:00
Buddy,Walk,2025-06-24 08:59:00,19,2025-06-24 09:18:00
Buddy,Play,2025-06-24 11:05:00,87,2025-06-24 12:32:00
Buddy,Medicine,2025-06-24 11:23:00,5,2025-06-24 11:28:00
Buddy,Lunch,2025-06-24 11:40:00,18,2025-06-24 11:58:00
Buddy,Walk,2025-06-24 12:15:00,52,2025-06-24 13:07:00
Buddy,Relax,2025-06-24 12:36:00,58,2025-06-24 13:34:00
Buddy,Relax,2025-06-24 13:26:00,43,2025-06-24 14:09:00
Buddy,Dinner,2025-06-24 18:24:00,10,2025-06-24 18:34:00
Buddy,Sleep,2025-06-24 22:46:00,382,2025-06-25 05:08:00
Buddy,Sleep,2025-06-25 00:00:00,412,2025-06-25 06:52:00
Buddy,Breakfast,2025-06-25 06:28:00,6,2025-06-25 06:34:00
Buddy,Medicine,2025-06-25 07:44:00,3,2025-06-25 07:47:00
Buddy,Lunch,2025-06-25 11:35:00,10,2025-06-25 11:45:00
Buddy,Medicine,2025-06-25 12:38:00,2,2025-06-25 12:40:00
Buddy,Medicine,2025-06-25 14:08:00,2,2025-06-25 14:10:00
Buddy,Medicine,2025-06-25 15:25:00,1,2025-06-25 15:26:00
Buddy,Potty,2025-06-25 15:31:00,9,2025-06-25 15:40:00
Buddy,Relax,2025-06-25 15:36:00,30,2025-06-25 16:06:00
Buddy,Dinner,2025-06-25 18:58:00,10,2025-06-25 19:08:00
Buddy,Potty,2025-06-25 20:30:00,8,2025-06-25 20:38:00
Buddy,Medicine,2025-06-25 20:39:00,5,2025-06-25 20:44:00
Buddy,Sleep,2025-06-25 22:12:00,421,2025-06-26 05:13:00
Buddy,Sleep,2025-06-26 00:00:00,425,2025-06-26 07:05:00
Buddy,Breakfast,2025-06-26 07:20:00,11,2025-06-26 07:31:00
Buddy,Medicine,2025-06-26 09:21:00,3,2025-06-26 09:24:00
Buddy,Lunch,2025-06-26 11:06:00,16,2025-06-26 11:22:00
Buddy,Walk,2025-06-26 14:26:00,26,2025-06-26 14:52:00
Buddy,Play,2025-06-26 15:27:00,90,2025-06-26 16:57:00
Buddy,Dinner,2025-06-26 18:46:00,12,2025-06-26 18:58:00
Buddy,Play,2025-06-26 19:56:00,90,2025-06-26 21:26:00
Buddy,Medicine,2025-06-26 20:44:00,3,2025-06-26 20:47:00
Buddy,Play,2025-06-26 21:08:00,31,2025-06-26 21:39:00
Buddy,Sleep,2025-06-26 23:29:00,403,2025-06-27 06:12:00
Buddy,Sleep,2025-06-27 00:00:00,362,2025-06-27 06:02:00
Buddy,Medicine,2025-06-27 06:15:00,2,2025-06-27 06:17:00
Buddy,Medicine,2025-06-27 06:16:00,4,2025-06-27 06:20:00
Buddy,Breakfast,2025-06-27 06:49:00,8,2025-06-27 06:57:00
Buddy,Walk,2025-06-27 09:21:00,53,2025-06-27 10:14:00
Buddy,Potty,2025-06-27 10:46:00,7,2025-06-27 10:53:00
Buddy,Walk,2025-06-27 11:49:00,41,2025-06-27 12:30:00
Buddy,Lunch,2025-06-27 12:02:00,19,2025-06-27 12:21:00
Buddy,Walk,2025-06-27 12:29:00,29,2025-06-27 12:58:00
Buddy,Play,2025-06-27 15:46:00,67,2025-06-27 16:53:00
Buddy,Dinner,2025-06-27 18:31:00,19,2025-06-27 18:50:00
Buddy,Sleep,2025-06-27 21:03:00,362,2025-06-28 03:05:00
Buddy,Sleep,2025-06-28 00:00:00,444,2025-06-28 07:24:00
Buddy,Walk,2025-06-28 06:56:00,34,2025-06-28 07:30:00
Buddy,Breakfast,2025-06-28 07:00:00,7,2025-06-28 07:07:00
Buddy,Walk,2025-06-28 07:53:00,15,2025-06-28 08:08:00
Buddy,Medicine,2025-06-28 08:20:00,2,2025-06-28 08:22:00
Buddy,Lunch,2025-06-28 12:08:00,10,2025-06-28 12:18:00
Buddy,Potty,2025-06-28 14:43:00,5,2025-06-28 14:48:00
Buddy,Dinner,2025-06-28 17:24:00,16,2025-06-28 17:40:00
Buddy,Medicine,2025-06-28 19:09:00,2,2025-06-28 19:11:00
Buddy,Sleep,2025-06-28 21:41:00,534,2025-06-29 06:35:00
Buddy,Sleep,2025-06-29 00:00:00,456,2025-06-29 07:36:00
Buddy,Relax,2025-06-29 06:23:00,54,2025-06-29 07:17:00
Buddy,Medicine,2025-06-29 07:23:00,5,2025-06-29 07:28:00
Buddy,Breakfast,2025-06-29 07:43:00,14,2025-06-29 07:57:00
Buddy,Relax,2025-06-29 11:56:00,56,2025-06-29 12:52:00
Buddy,Lunch,2025-06-29 12:01:00,19,2025-06-29 12:20:00
Buddy,Relax,2025-06-29 16:48:00,60,2025-06-29 17:48:00
Buddy,Dinner,2025-06-29 18:42:00,17,2025-06-29 18:59:00
Buddy,Medicine,2025-06-29 21:03:00,3,2025-06-29 21:06:00
Buddy,Play,2025-06-29 21:22:00,65,2025-06-29 22:27:00
Buddy,Sleep,2025-06-29 23:53:00,523,2025-06-30 08:36:00
Buddy,Sleep,2025-06-30 00:00:00,397,2025-06-30 06:37:00
Buddy,Breakfast,2025-06-30 08:29:00,13,2025-06-30 08:42:00
Buddy,Play,2025-06-30 10:13:00,95,2025-06-30 11:48:00
Buddy,Lunch,2025-06-30 12:13:00,14,2025-06-30 12:27:00
Buddy,Potty,2025-06-30 14:41:00,6,2025-06-30 14:47:00
Buddy,Relax,2025-06-30 16:05:00,39,2025-06-30 16:44:00
Buddy,Medicine,2025-06-30 17:09:00,5,2025-06-30 17:14:00
Buddy,Dinner,2025-06-30 17:56:00,13,2025-06-30 18:09:00
Buddy,Potty,2025-06-30 18:54:00,10,2025-06-30 19:04:00
Buddy,Sleep,2025-06-30 21:35:00,486,2025-07-01 05:41:00
Buddy,Sleep,2025-07-01 00:00:00,434,2025-07-01 07:14:00
Buddy,Potty,2025-07-01 07:16:00,10,2025-07-01 07:26:00
Buddy,Breakfast,2025-07-01 08:35:00,14,2025-07-01 08:49:00
Buddy,Lunch,2025-07-01 11:48:00,19,2025-07-01 12:07:00
Buddy,Relax,2025-07-01 13:57:00,42,2025-07-01 14:39:00
Buddy,Walk,2025-07-01 15:45:00,20,2025-07-01 16:05:00
Buddy,Dinner,2025-07-01 17:08:00,19,2025-07-01 17:27:00
Buddy,Relax,2025-07-01 17:18:00,24,2025-07-01 17:42:00
Buddy,Walk,2025-07-01 18:04:00,24,2025-07-01 18:28:00
Buddy,Relax,2025-07-01 21:51:00,27,2025-07-01 22:18:00
Buddy,Sleep,2025-07-01 23:22:00,522,2025-07-02 08:04:00
Buddy,Sleep,2025-07-02 00:00:00,399,2025-07-02 06:39:00
Buddy,Breakfast,2025-07-02 08:17:00,8,2025-07-02 08:25:00
Buddy,Walk,2025-07-02 10:59:00,23,2025-07-02 11:22:00
Buddy,Lunch,2025-07-02 11:55:00,17,2025-07-02 12:12:00
Buddy,Walk,2025-07-02 15:52:00,19,2025-07-02 16:11:00
Buddy,Walk,2025-07-02 16:41:00,20,2025-07-02 17:01:00
Buddy,Dinner,2025-07-02 17:11:00,12,2025-07-02 17:23:00
Buddy,Relax,2025-07-02 20:42:00,27,2025-07-02 21:09:00
Buddy,Relax,2025-07-02 21:23:00,53,2025-07-02 22:16:00
Buddy,Sleep,2025-07-02 23:07:00,538,2025-07-03 08:05:00
Buddy,Sleep,2025-07-03 00:00:00,445,2025-07-03 07:25:00
Buddy,Breakfast,2025-07-03 06:15:00,13,2025-07-03 06:28:00
Buddy,Play,2025-07-03 06:31:00,66,2025-07-03 07:37:00
Buddy,Medicine,2025-07-03 10:27:00,4,2025-07-03 10:31:00
Buddy,Lunch,2025-07-03 12:36:00,17,2025-07-03 12:53:00
Buddy,Relax,2025-07-03 14:26:00,28,2025-07-03 14:54:00
Buddy,Play,2025-07-03 15:06:00,61,2025-07-03 16:07:00
Buddy,Potty,2025-07-03 15:43:00,9,2025-07-03 15:52:00
Buddy,Walk,2025-07-03 15:55:00,23,2025-07-03 16:18:00
Buddy,Dinner,2025-07-03 18:24:00,10,2025-07-03 18:34:00
Buddy,Walk,2025-07-03 18:25:00,15,2025-07-03 18:40:00
Buddy,Sleep,2025-07-03 21:01:00,471,2025-07-04 04:52:00
Buddy,Relax,2025-07-03 21:56:00,29,2025-07-03 22:25:00
Buddy,Sleep,2025-07-04 00:00:00,378,2025-07-04 06:18:00
Buddy,Medicine,2025-07-04 06:33:00,5,2025-07-04 06:38:00
Buddy,Breakfast,2025-07-04 08:13:00,5,2025-07-04 08:18:00
Buddy,Potty,2025-07-04 09:29:00,3,2025-07-04 09:32:00
Buddy,Lunch,2025-07-04 11:02:00,19,2025-07-04 11:21:00
Buddy,Potty,2025-07-04 14:18:00,5,2025-07-04 14:23:00
Buddy,Medicine,2025-07-04 15:02:00,3,2025-07-04 15:05:00
Buddy,Medicine,2025-07-04 16:22:00,4,2025-07-04 16:26:00
Buddy,Dinner,2025-07-04 18:15:00,11,2025-07-04 18:26:00
Buddy,Medicine,2025-07-04 21:55:00,4,2025-07-04 21:59:00
Buddy,Sleep,2025-07-04 23:30:00,465,2025-07-05 07:15:00
Buddy,Sleep,2025-07-05 00:00:00,436,2025-07-05 07:16:00
Buddy,Potty,2025-07-05 07:58:00,10,2025-07-05 08:08:00
Buddy,Medicine,2025-07-05 08:16:00,3,2025-07-05 08:19:00
Buddy,Breakfast,2025-07-05 08:41:00,5,2025-07-05 08:46:00
Buddy,Relax,2025-07-05 09:58:00,33,2025-07-05 10:31:00
Buddy,Medicine,2025-07-05 10:30:00,2,2025-07-05 10:32:00
Buddy,Relax,2025-07-05 11:34:00,23,2025-07-05 11:57:00
Buddy,Lunch,2025-07-05 12:23:00,10,2025-07-05 12:33:00
Buddy,Walk,2025-07-05 14:13:00,30,2025-07-05 14:43:00
Buddy,Medicine,2025-07-05 16:45:00,3,2025-07-05 16:48:00
Buddy,Medicine,2025-07-05 17:42:00,5,2025-07-05 17:47:00
Buddy,Dinner,2025-07-05 18:15:00,15,2025-07-05 18:30:00
Buddy,Sleep,2025-07-05 21:05:00,426,2025-07-06 04:11:00
Buddy,Sleep,2025-07-06 00:00:00,392,2025-07-06 06:32:00
Buddy,Breakfast,2025-07-06 08:30:00,8,2025-07-06 08:38:00
Buddy,Medicine,2025-07-06 11:47:00,2,2025-07-06 11:49:00
Buddy,Lunch,2025-07-06 12:01:00,14,2025-07-06 12:15:00
Buddy,Medicine,2025-07-06 13:42:00,5,2025-07-06 13:47:00
Buddy,Walk,2025-07-06 16:59:00,41,2025-07-06 17:40:00
Buddy,Dinner,2025-07-06 18:04:00,17,2025-07-06 18:21:00
Buddy,Walk,2025-07-06 18:34:00,28,2025-07-06 19:02:00
Buddy,Relax,2025-07-06 19:27:00,60,2025-07-06 20:27:00
Buddy,Sleep,2025-07-06 23:16:00,360,2025-07-07 05:16:00
Buddy,Sleep,2025-07-07 00:00:00,440,2025-07-07 07:20:00
Buddy,Walk,2025-07-07 07:03:00,38,2025-07-07 07:41:00
Buddy,Breakfast,2025-07-07 08:35:00,14,2025-07-07 08:49:00
Buddy,Walk,2025-07-07 09:43:00,43,2025-07-07 10:26:00
Buddy,Play,2025-07-07 11:32:00,84,2025-07-07 12:56:00
Buddy,Lunch,2025-07-07 12:08:00,19,2025-07-07 12:27:00
Buddy,Potty,2025-07-07 16:41:00,3,2025-07-07 16:44:00
Buddy,Dinner,2025-07-07 17:05:00,14,2025-07-07 17:19:00
Buddy,Potty,2025-07-07 17:54:00,3,2025-07-07 17:57:00
Buddy,Sleep,2025-07-07 23:15:00,447,2025-07-08 06:42:00
Buddy,Sleep,2025-07-08 00:00:00,421,2025-07-08 07:01:00
Buddy,Breakfast,2025-07-08 06:03:00,14,2025-07-08 06:17:00
Buddy,Potty,2025-07-08 06:30:00,10,2025-07-08 06:40:00
Buddy,Lunch,2025-07-08 11:46:00,11,2025-07-08 11:57:00
Buddy,Relax,2025-07-08 14:35:00,51,2025-07-08 15:26:00
Buddy,Dinner,2025-07-08 17:06:00,13,2025-07-08 17:19:00
Buddy,Relax,2025-07-08 17:26:00,30,2025-07-08 17:56:00
Buddy,Medicine,2025-07-08 20:39:00,2,2025-07-08 20:41:00
Buddy,Walk,2025-07-08 20:50:00,56,2025-07-08 21:46:00
Buddy,Sleep,2025-07-08 23:50:00,510,2025-07-09 08:20:00
Buddy,Sleep,2025-07-09 00:00:00,471,2025-07-09 07:51:00
Buddy,Potty,2025-07-09 08:44:00,10,2025-07-09 08:54:00
Buddy,Breakfast,2025-07-09 08:59:00,11,2025-07-09 09:10:00
Buddy,Lunch,2025-07-09 11:09:00,10,2025-07-09 11:19:00
Buddy,Walk,2025-07-09 12:18:00,41,2025-07-09 12:59:00
Buddy,Medicine,2025-07-09 14:57:00,2,2025-07-09 14:59:00
Buddy,Dinner,2025-07-09 18:38:00,19,2025-07-09 18:57:00
Buddy,Potty,2025-07-09 18:52:00,3,2025-07-09 18:55:00
Buddy,Relax,2025-07-09 19:11:00,48,2025-07-09 19:59:00
Buddy,Sleep,2025-07-09 23:59:00,508,2025-07-10 08:27:00
Buddy,Sleep,2025-07-10 00:00:00,462,2025-07-10 07:42:00
Buddy,Breakfast,2025-07-10 06:13:00,6,2025-07-10 06:19:00
Buddy,Play,2025-07-10 07:38:00,66,2025-07-10 08:44:00
Buddy,Walk,2025-07-10 11:17:00,56,2025-07-10 12:13:00
Buddy,Lunch,2025-07-10 12:08:00,11,2025-07-10 12:19:00
Buddy,Potty,2025-07-10 12:27:00,10,2025-07-10 12:37:00
Buddy,Relax,2025-07-10 15:25:00,44,2025-07-10 16:09:00
Buddy,Walk,2025-07-10 15:45:00,30,2025-07-10 16:15:00
Buddy,Relax,2025-07-10 17:41:00,39,2025-07-10 18:20:00
Buddy,Potty,2025-07-10 18:52:00,7,2025-07-10 18:59:00
Buddy,Dinner,2025-07-10 18:55:00,13,2025-07-10 19:08:00
Buddy,Play,2025-07-10 20:56:00,65,2025-07-10 22:01:00
Buddy,Sleep,2025-07-10 22:11:00,395,2025-07-11 04:46:00
Buddy,Sleep,2025-07-11 00:00:00,464,2025-07-11 07:44:00
Buddy,Potty,2025-07-11 06:17:00,5,2025-07-11 06:22:00
Buddy,Relax,2025-07-11 06:41:00,47,2025-07-11 07:28:00
Buddy,Breakfast,2025-07-11 07:08:00,7,2025-07-11 07:15:00
Buddy,Potty,2025-07-11 10:39:00,10,2025-07-11 10:49:00
Buddy,Relax,2025-07-11 10:50:00,58,2025-07-11 11:48:00
Buddy,Lunch,2025-07-11 12:06:00,19,2025-07-11 12:25:00
Buddy,Medicine,2025-07-11 12:26:00,2,2025-07-11 12:28:00
Buddy,Dinner,2025-07-11 18:36:00,16,2025-07-11 18:52:00
Buddy,Sleep,2025-07-11 23:31:00,376,2025-07-12 05:47:00
Buddy,Sleep,2025-07-12 00:00:00,459,2025-07-12 07:39:00
Buddy,Breakfast,2025-07-12 07:24:00,11,2025-07-12 07:35:00
Buddy,Play,2025-07-12 09:23:00,66,2025-07-12 10:29:00
Buddy,Walk,2025-07-12 10:41:00,32,2025-07-12 11:13:00
Buddy,Lunch,2025-07-12 11:23:00,10,2025-07-12 11:33:00
Buddy,Medicine,2025-07-12 11:40:00,4,2025-07-12 11:44:00
Buddy,Potty,2025-07-12 11:41:00,5,2025-07-12 11:46:00
Buddy,Walk,2025-07-12 13:31:00,42,2025-07-12 14:13:00
Buddy,Play,2025-07-12 13:40:00,111,2025-07-12 15:31:00
Buddy,Play,2025-07-12 14:10:00,36,2025-07-12 14:46:00
Buddy,Play,2025-07-12 14:14:00,50,2025-07-12 15:04:00
Buddy,Dinner,2025-07-12 17:52:00,11,2025-07-12 18:03:00
Buddy,Sleep,2025-07-12 22:44:00,398,2025-07-13 05:22:00
Buddy,Sleep,2025-07-13 00:00:00,395,2025-07-13 06:35:00
Buddy,Breakfast,2025-07-13 06:29:00,7,2025-07-13 06:36:00
Buddy,Lunch,2025-07-13 11:55:00,11,2025-07-13 12:06:00
Buddy,Play,2025-07-13 14:01:00,48,2025-07-13 14:49:00
Buddy,Play,2025-07-13 16:46:00,57,2025-07-13 17:43:00
Buddy,Potty,2025-07-13 16:59:00,7,2025-07-13 17:06:00
Buddy,Dinner,2025-07-13 17:36:00,15,2025-07-13 17:51:00
Buddy,Medicine,2025-07-13 20:05:00,5,2025-07-13 20:10:00
Buddy,Walk,2025-07-13 21:44:00,41,2025-07-13 22:25:00
Buddy,Sleep,2025-07-13 22:06:00,442,2025-07-14 05:28:00
Buddy,Sleep,2025-07-14 00:00:00,386,2025-07-14 06:26:00
Buddy,Breakfast,2025-07-14 06:22:00,8,2025-07-14 06:30:00
Buddy,Medicine,2025-07-14 08:11:00,3,2025-07-14 08:14:00
Buddy,Walk,2025-07-14 09:23:00,18,2025-07-14 09:41:00
Buddy,Lunch,2025-07-14 12:35:00,17,2025-07-14 12:52:00
Buddy,Dinner,2025-07-14 17:42:00,13,2025-07-14 17:55:00
Buddy,Relax,2025-07-14 17:57:00,43,2025-07-14 18:40:00
Buddy,Potty,2025-07-14 18:16:00,9,2025-07-14 18:25:00
Buddy,Play,2025-07-14 19:40:00,48,2025-07-14 20:28:00
Buddy,Sleep,2025-07-14 22:53:00,377,2025-07-15 05:10:00
Buddy,Sleep,2025-07-15 00:00:00,405,2025-07-15 06:45:00
Buddy,Relax,2025-07-15 06:12:00,34,2025-07-15 06:46:00
Buddy,Breakfast,2025-07-15 07:08:00,8,2025-07-15 07:16:00
Buddy,Play,2025-07-15 10:20:00,98,2025-07-15 11:58:00
Buddy,Relax,2025-07-15 11:10:00,58,2025-07-15 12:08:00
Buddy,Lunch,2025-07-15 11:58:00,11,2025-07-15 12:09:00
Buddy,Walk,2025-07-15 13:52:00,32,2025-07-15 14:24:00
Buddy,Potty,2025-07-15 14:05:00,9,2025-07-15 14:14:00
Buddy,Relax,2025-07-15 18:10:00,32,2025-07-15 18:42:00
Buddy,Dinner,2025-07-15 18:33:00,11,2025-07-15 18:44:00
Buddy,Sleep,2025-07-15 21:24:00,524,2025-07-16 06:08:00
Buddy,Sleep,2025-07-16 00:00:00,400,2025-07-16 06:40:00
Buddy,Medicine,2025-07-16 07:33:00,2,2025-07-16 07:35:00
Buddy,Breakfast,2025-07-16 07:59:00,15,2025-07-16 08:14:00
Buddy,Potty,2025-07-16 09:24:00,7,2025-07-16 09:31:00
Buddy,Lunch,2025-07-16 12:10:00,17,2025-07-16 12:27:00
Buddy,Relax,2025-07-16 12:54:00,59,2025-07-16 13:53:00
Buddy,Potty,2025-07-16 14:54:00,7,2025-07-16 15:01:00
Buddy,Relax,2025-07-16 15:24:00,30,2025-07-16 15:54:00
Buddy,Dinner,2025-07-16 18:44:00,12,2025-07-16 18:56:00
Buddy,Play,2025-07-16 18:48:00,88,2025-07-16 20:16:00
Buddy,Sleep,2025-07-16 23:51:00,440,2025-07-17 07:11:00
Buddy,Sleep,2025-07-17 00:00:00,460,2025-07-17 07:40:00
Buddy,Walk,2025-07-17 06:22:00,34,2025-07-17 06:56:00
Buddy,Breakfast,2025-07-17 06:56:00,11,2025-07-17 07:07:00
Buddy,Medicine,2025-07-17 08:32:00,1,2025-07-17 08:33:00
Buddy,Potty,2025-07-17 09:15:00,5,2025-07-17 09:20:00
Buddy,Potty,2025-07-17 11:25:00,4,2025-07-17 11:29:00
Buddy,Lunch,2025-07-17 12:55:00,11,2025-07-17 13:06:00
Buddy,Dinner,2025-07-17 17:03:00,16,2025-07-17 17:19:00
Buddy,Relax,2025-07-17 19:23:00,37,2025-07-17 20:00:00
Buddy,Medicine,2025-07-17 19:54:00,1,2025-07-17 19:55:00
Buddy,Potty,2025-07-17 20:01:00,7,2025-07-17 20:08:00
Buddy,Sleep,2025-07-17 21:35:00,489,2025-07-18 05:44:00
Buddy,Walk,2025-07-17 21:45:00,15,2025-07-17 22:00:00
Buddy,Sleep,2025-07-18 00:00:00,467,2025-07-18 07:47:00
Buddy,Breakfast,2025-07-18 07:43:00,11,2025-07-18 07:54:00
Buddy,Walk,2025-07-18 11:52:00,46,2025-07-18 12:38:00
Buddy,Lunch,2025-07-18 12:20:00,10,2025-07-18 12:30:00
Buddy,Potty,2025-07-18 14:32:00,8,2025-07-18 14:40:00
Buddy,Potty,2025-07-18 15:23:00,8,2025-07-18 15:31:00
Buddy,Potty,2025-07-18 15:31:00,4,2025-07-18 15:35:00
Buddy,Potty,2025-07-18 17:49:00,6,2025-07-18 17:55:00
Buddy,Dinner,2025-07-18 18:13:00,10,2025-07-18 18:23:00
Buddy,Play,2025-07-18 18:45:00,50,2025-07-18 19:35:00
Buddy,Play,2025-07-18 20:51:00,30,2025-07-18 21:21:00
Buddy,Sleep,2025-07-18 23:14:00,371,2025-07-19 05:25:00
Buddy,Sleep,2025-07-19 00:00:00,444,2025-07-19 07:24:00
Buddy,Breakfast,2025-07-19 06:06:00,6,2025-07-19 06:12:00
Buddy,Relax,2025-07-19 07:04:00,22,2025-07-19 07:26:00
Buddy,Relax,2025-07-19 08:00:00,35,2025-07-19 08:35:00
Buddy,Potty,2025-07-19 08:06:00,3,2025-07-19 08:09:00
Buddy,Potty,2025-07-19 10:03:00,10,2025-07-19 10:13:00
Buddy,Play,2025-07-19 12:53:00,71,2025-07-19 14:04:00
Buddy,Medicine,2025-07-19 12:54:00,4,2025-07-19 12:58:00
Buddy,Lunch,2025-07-19 12:56:00,17,2025-07-19 13:13:00
Buddy,Potty,2025-07-19 14:13:00,9,2025-07-19 14:22:00
Buddy,Potty,2025-07-19 14:30:00,3,2025-07-19 14:33:00
Buddy,Dinner,2025-07-19 17:46:00,15,2025-07-19 18:01:00
Buddy,Sleep,2025-07-19 23:09:00,420,2025-07-20 06:09:00
Buddy,Sleep,2025-07-20 00:00:00,463,2025-07-20 07:43:00
Buddy,Potty,2025-07-20 07:58:00,3,2025-07-20 08:01:00
Buddy,Breakfast,2025-07-20 08:05:00,11,2025-07-20 08:16:00
Buddy,Lunch,2025-07-20 11:14:00,13,2025-07-20 11:27:00
Buddy,Play,2025-07-20 12:18:00,60,2025-07-20 13:18:00
Buddy,Potty,2025-07-20 16:41:00,9,2025-07-20 16:50:00
Buddy,Relax,2025-07-20 16:53:00,59,2025-07-20 17:52:00
Buddy,Dinner,2025-07-20 18:35:00,20,2025-07-20 18:55:00
Buddy,Medicine,2025-07-20 20:59:00,4,2025-07-20 21:03:00
Buddy,Sleep,2025-07-20 21:41:00,408,2025-07-21 04:29:00
Buddy,Sleep,2025-07-21 00:00:00,460,2025-07-21 07:40:00
Buddy,Medicine,2025-07-21 07:45:00,3,2025-07-21 07:48:00
Buddy,Breakfast,2025-07-21 08:08:00,5,2025-07-21 08:13:00
Buddy,Play,2025-07-21 09:15:00,75,2025-07-21 10:30:00
Buddy,Relax,2025-07-21 09:23:00,28,2025-07-21 09:51:00
Buddy,Lunch,2025-07-21 11:21:00,12,2025-07-21 11:33:00
Buddy,Relax,2025-07-21 12:34:00,20,2025-07-21 12:54:00
Buddy,Play,2025-07-21 12:35:00,93,2025-07-21 14:08:00
Buddy,Relax,2025-07-21 16:09:00,21,2025-07-21 16:30:00
Buddy,Dinner,2025-07-21 18:35:00,17,2025-07-21 18:52:00
Buddy,Sleep,2025-07-21 22:01:00,413,2025-07-22 04:54:00
Buddy,Sleep,2025-07-22 00:00:00,463,2025-07-22 07:43:00
Buddy,Breakfast,2025-07-22 07:02:00,12,2025-07-22 07:14:00
Buddy,Play,2025-07-22 09:59:00,77,2025-07-22 11:16:00
Buddy,Walk,2025-07-22 10:19:00,34,2025-07-22 10:53:00
Buddy,Relax,2025-07-22 10:25:00,53,2025-07-22 11:18:00
Buddy,Relax,2025-07-22 11:52:00,49,2025-07-22 12:41:00
Buddy,Relax,2025-07-22 12:04:00,46,2025-07-22 12:50:00
Buddy,Lunch,2025-07-22 12:11:00,12,2025-07-22 12:23:00
Buddy,Play,2025-07-22 16:23:00,88,2025-07-22 17:51:00
Buddy,Dinner,2025-07-22 18:19:00,17,2025-07-22 18:36:00
Buddy,Sleep,2025-07-22 21:48:00,406,2025-07-23 04:34:00
Buddy,Sleep,2025-07-23 00:00:00,397,2025-07-23 06:37:00
Buddy,Breakfast,2025-07-23 06:40:00,6,2025-07-23 06:46:00
Buddy,Relax,2025-07-23 10:08:00,44,2025-07-23 10:52:00
Buddy,Play,2025-07-23 11:34:00,75,2025-07-23 12:49:00
Buddy,Lunch,2025-07-23 12:15:00,16,2025-07-23 12:31:00
Buddy,Play,2025-07-23 12:58:00,114,2025-07-23 14:52:00
Buddy,Dinner,2025-07-23 18:40:00,19,2025-07-23 18:59:00
Buddy,Medicine,2025-07-23 19:43:00,4,2025-07-23 19:47:00
Buddy,Play,2025-07-23 20:52:00,51,2025-07-23 21:43:00
Buddy,Sleep,2025-07-23 22:35:00,499,2025-07-24 06:54:00
Buddy,Sleep,2025-07-24 00:00:00,441,2025-07-24 07:21:00
Buddy,Relax,2025-07-24 06:56:00,21,2025-07-24 07:17:00
Buddy,Medicine,2025-07-24 08:23:00,3,2025-07-24 08:26:00
Buddy,Breakfast,2025-07-24 08:33:00,13,2025-07-24 08:46:00
Buddy,Lunch,2025-07-24 11:39:00,13,2025-07-24 11:52:00
Buddy,Play,2025-07-24 12:36:00,108,2025-07-24 14:24:00
Buddy,Medicine,2025-07-24 14:27:00,3,2025-07-24 14:30:00
Buddy,Medicine,2025-07-24 15:21:00,1,2025-07-24 15:22:00
Buddy,Dinner,2025-07-24 17:06:00,17,2025-07-24 17:23:00
Buddy,Sleep,2025-07-24 21:11:00,440,2025-07-25 04:31:00
Buddy,Sleep,2025-07-25 00:00:00,435,2025-07-25 07:15:00
Buddy,Breakfast,2025-07-25 07:39:00,7,2025-07-25 07:46:00
Buddy,Relax,2025-07-25 10:52:00,51,2025-07-25 11:43:00
Buddy,Lunch,2025-07-25 11:55:00,16,2025-07-25 12:11:00
Buddy,Dinner,2025-07-25 17:02:00,11,2025-07-25 17:13:00
Buddy,Medicine,2025-07-25 17:07:00,2,2025-07-25 17:09:00
Buddy,Walk,2025-07-25 17:33:00,30,2025-07-25 18:03:00
Buddy,Play,2025-07-25 19:39:00,42,2025-07-25 20:21:00
Buddy,Walk,2025-07-25 19:49:00,40,2025-07-25 20:29:00
Buddy,Potty,2025-07-25 20:18:00,5,2025-07-25 20:23:00
Buddy,Play,2025-07-25 21:28:00,73,2025-07-25 22:41:00
Buddy,Sleep,2025-07-25 23:58:00,464,2025-07-26 07:42:00
Buddy,Sleep,2025-07-26 00:00:00,385,2025-07-26 06:25:00
Buddy,Breakfast,2025-07-26 06:44:00,5,2025-07-26 06:49:00
Buddy,Potty,2025-07-26 08:25:00,6,2025-07-26 08:31:00
Buddy,Lunch,2025-07-26 11:02:00,18,2025-07-26 11:20:00
Buddy,Medicine,2025-07-26 11:18:00,2,2025-07-26 11:20:00
Buddy,Play,2025-07-26 15:41:00,54,2025-07-26 16:35:00
Buddy,Dinner,2025-07-26 17:58:00,15,2025-07-26 18:13:00
Buddy,Relax,2025-07-26 20:50:00,34,2025-07-26 21:24:00
Buddy,Sleep,2025-07-26 21:24:00,500,2025-07-27 05:44:00
Buddy,Play,2025-07-26 21:51:00,51,2025-07-26 22:42:00
Buddy,Sleep,2025-07-27 00:00:00,411,2025-07-27 06:51:00
Buddy,Medicine,2025-07-27 06:37:00,3,2025-07-27 06:40:00
Buddy,Breakfast,2025-07-27 07:14:00,13,2025-07-27 07:27:00
Buddy,Potty,2025-07-27 07:30:00,9,2025-07-27 07:39:00
Buddy,Play,2025-07-27 11:06:00,110,2025-07-27 12:56:00
Buddy,Lunch,2025-07-27 12:14:00,17,2025-07-27 12:31:00
Buddy,Play,2025-07-27 13:05:00,89,2025-07-27 14:34:00
Buddy,Walk,2025-07-27 14:45:00,22,2025-07-27 15:07:00
Buddy,Dinner,2025-07-27 17:37:00,18,2025-07-27 17:55:00
Buddy,Medicine,2025-07-27 18:56:00,2,2025-07-27 18:58:00
Buddy,Sleep,2025-07-27 21:07:00,374,2025-07-28 03:21:00
Buddy,Sleep,2025-07-28 00:00:00,413,2025-07-28 06:53:00
Buddy,Breakfast,2025-07-28 07:55:00,15,2025-07-28 08:10:00
Buddy,Walk,2025-07-28 07:55:00,59,2025-07-28 08:54:00
Buddy,Potty,2025-07-28 08:57:00,4,2025-07-28 09:01:00
Buddy,Walk,2025-07-28 09:39:00,28,2025-07-28 10:07:00
Buddy,Walk,2025-07-28 09:59:00,26,2025-07-28 10:25:00
Buddy,Lunch,2025-07-28 12:28:00,13,2025-07-28 12:41:00
Buddy,Medicine,2025-07-28 13:46:00,3,2025-07-28 13:49:00
Buddy,Dinner,2025-07-28 18:14:00,17,2025-07-28 18:31:00
Buddy,Medicine,2025-07-28 19:05:00,2,2025-07-28 19:07:00
Buddy,Medicine,2025-07-28 20:07:00,1,2025-07-28 20:08:00
Buddy,Relax,2025-07-28 20:09:00,29,2025-07-28 20:38:00
Buddy,Sleep,2025-07-28 21:42:00,398,2025-07-29 04:20:00
Buddy,Sleep,2025-07-29 00:00:00,363,2025-07-29 06:03:00
Buddy,Walk,2025-07-29 06:25:00,15,2025-07-29 06:40:00
Buddy,Breakfast,2025-07-29 08:15:00,10,2025-07-29 08:25:00
Buddy,Medicine,2025-07-29 08:38:00,2,2025-07-29 08:40:00
Buddy,Lunch,2025-07-29 12:40:00,11,2025-07-29 12:51:00
Buddy,Medicine,2025-07-29 13:11:00,2,2025-07-29 13:13:00
Buddy,Potty,2025-07-29 13:44:00,8,2025-07-29 13:52:00
Buddy,Play,2025-07-29 15:08:00,61,2025-07-29 16:09:00
Buddy,Dinner,2025-07-29 17:16:00,11,2025-07-29 17:27:00
Buddy,Play,2025-07-29 20:11:00,86,2025-07-29 21:37:00
Buddy,Play,2025-07-29 20:36:00,120,2025-07-29 22:36:00
Buddy,Sleep,2025-07-29 21:28:00,396,2025-07-30 04:04:00
Buddy,Potty,2025-07-29 21:46:00,6,2025-07-29 21:52:00
